"lessonId","title","videoId","url","previousModule","previousPosition","module","position","decision","purpose","connection"
"p01-l01","What is Electricity? Part One: The Structure of an Atom","XBJQ_JfJ57Y","https://www.youtube.com/watch?v=XBJQ_JfJ57Y","module-01","1","module-01","1","Retained","Connect circuits, AC, transformers and power, then establish safe isolation before measurements.",""
"p01-l02","What is Electricity? Part Two: The Atomic Structure of Copper","2ZlfXE_PZOQ","https://www.youtube.com/watch?v=2ZlfXE_PZOQ","module-01","2","module-01","2","Retained","Connect circuits, AC, transformers and power, then establish safe isolation before measurements.",""
"p01-l03","What is Electricity Part 4: How to Count & Quantify Electricity. What is Electrical Charge? SI Units","eTJsJTAkn0Y","https://www.youtube.com/watch?v=eTJsJTAkn0Y","module-01","3","module-01","3","Retained","Connect circuits, AC, transformers and power, then establish safe isolation before measurements.",""
"p01-l04","What is Electricity Part 5: What is an Ampere? How to Calculate Charge from Current","ihlUYQ2xyVQ","https://www.youtube.com/watch?v=ihlUYQ2xyVQ","module-01","4","module-01","4","Retained","Connect circuits, AC, transformers and power, then establish safe isolation before measurements.",""
"p01-l05","How to Identify the Components of a Basic Circuit","4s4PzrlpKsY","https://www.youtube.com/watch?v=4s4PzrlpKsY","module-01","5","module-01","5","Retained","Connect circuits, AC, transformers and power, then establish safe isolation before measurements.",""
"p01-l06","What is the Relationship Between Voltage, Resistance and Current?","zu-l3tq7oHU","https://www.youtube.com/watch?v=zu-l3tq7oHU","module-01","6","module-01","6","Retained","Connect circuits, AC, transformers and power, then establish safe isolation before measurements.",""
"p01-l07","How to Find Ohm's Law From a Simple Circuit","mYtogaIV6ZE","https://www.youtube.com/watch?v=mYtogaIV6ZE","module-01","7","module-01","7","Retained","Connect circuits, AC, transformers and power, then establish safe isolation before measurements.",""
"p01-l08","Resistors Connected in Series - Introduction to Circuit Theory - Electrical Science and Principles","bivddd3pua8","https://www.youtube.com/watch?v=bivddd3pua8","module-01","8","module-01","8","Retained","Connect circuits, AC, transformers and power, then establish safe isolation before measurements.",""
"p01-l09","Resistors in Parallel - Introduction: How to Calculate Total Resistance","48JBKN99Qcc","https://www.youtube.com/watch?v=48JBKN99Qcc","module-01","9","module-01","9","Retained","Connect circuits, AC, transformers and power, then establish safe isolation before measurements.",""
"p01-l10","Resistors in Parallel - How to Find Total Resistance for Any Number of Resistors","X2zB2asJgD4","https://www.youtube.com/watch?v=X2zB2asJgD4","module-01","10","module-01","10","Retained","Connect circuits, AC, transformers and power, then establish safe isolation before measurements.",""
"p01-l11","How to do Circuit Analysis on a Parallel Circuit. Finding Voltages, Currents and Resistances","7jcdRn5qGio","https://www.youtube.com/watch?v=7jcdRn5qGio","module-01","11","module-01","11","Retained","Connect circuits, AC, transformers and power, then establish safe isolation before measurements.",""
"p01-l12","How to Calculate Power in an Electrical Circuit, Where Does the Power Formula Come From?","9omx07AKH5Q","https://www.youtube.com/watch?v=9omx07AKH5Q","module-01","12","module-01","12","Retained","Connect circuits, AC, transformers and power, then establish safe isolation before measurements.",""
"p01-l13","How to Find the Power Formula Number 2 for Electrical Circuits, Calculating Power Without Voltage","xqanURIKnng","https://www.youtube.com/watch?v=xqanURIKnng","module-01","13","module-01","13","Retained","Connect circuits, AC, transformers and power, then establish safe isolation before measurements.",""
"p01-l14","How to Find the Power Formula Number 3 for Electrical Circuits, Calculating Power Without Current","lPfu-QpFnS8","https://www.youtube.com/watch?v=lPfu-QpFnS8","module-01","14","module-01","14","Retained","Connect circuits, AC, transformers and power, then establish safe isolation before measurements.",""
"p01-l15","SI Units: What are the Units for Power vs Energy? Why Don't Electricians Measure Energy in Joules?","UA4wYsPJuNM","https://www.youtube.com/watch?v=UA4wYsPJuNM","module-01","15","module-01","15","Retained","Connect circuits, AC, transformers and power, then establish safe isolation before measurements.",""
"p01-l16","The Three Effects of Electricity","YHzZxO-AviM","https://www.youtube.com/watch?v=YHzZxO-AviM","module-01","16","module-01","16","Retained","Connect circuits, AC, transformers and power, then establish safe isolation before measurements.",""
"p01-l17","Magnets and Magnetism: How to Create a Magnetic Field Using Electricity","09FEkKMS2OU","https://www.youtube.com/watch?v=09FEkKMS2OU","module-01","17","module-01","17","Retained","Connect circuits, AC, transformers and power, then establish safe isolation before measurements.",""
"p01-l18","Magnets and Magnetism: How to Create Electricity and Calculate Induced EMF","ZWlzuOgBERU","https://www.youtube.com/watch?v=ZWlzuOgBERU","module-01","18","module-01","18","Retained","Connect circuits, AC, transformers and power, then establish safe isolation before measurements.",""
"p01-l19","AC Theory: Producing an AC Waveform","PgmgL2R5dFE","https://www.youtube.com/watch?v=PgmgL2R5dFE","module-01","19","module-01","19","Retained","Connect circuits, AC, transformers and power, then establish safe isolation before measurements.",""
"p01-l20","AC Theory: Why is AC Called a Sine Wave?","kUIrN6jNrxo","https://www.youtube.com/watch?v=kUIrN6jNrxo","module-01","20","module-01","20","Retained","Connect circuits, AC, transformers and power, then establish safe isolation before measurements.",""
"p01-l21","How to Identify the Different Parts of a Sine Wave, Calculate Frequency and Periodic Time","YbkE937rsbw","https://www.youtube.com/watch?v=YbkE937rsbw","module-01","21","module-01","21","Retained","Connect circuits, AC, transformers and power, then establish safe isolation before measurements.",""
"p01-l22","AC Theory - Oppositions to Current Flow","IJP2s3P-SB4","https://www.youtube.com/watch?v=IJP2s3P-SB4","module-01","22","module-01","22","Retained","Connect circuits, AC, transformers and power, then establish safe isolation before measurements.",""
"p01-l23","AC Theory: The Mystery of the Coil","LXpXDga-7xM","https://www.youtube.com/watch?v=LXpXDga-7xM","module-01","23","module-01","23","Retained","Connect circuits, AC, transformers and power, then establish safe isolation before measurements.",""
"p01-transformers","Transformers: Changing Flux, Turns and Voltage","UchitHGF4n8","https://www.youtube.com/watch?v=UchitHGF4n8","","","module-01","24","Added","Connect circuits, AC, transformers and power, then establish safe isolation before measurements.","Work through the turns ratio"
"p01-l24","AC Theory: How to Calculate Impedance and Construct an Impedance Triangle","6-Q-tMZi2fo","https://www.youtube.com/watch?v=6-Q-tMZi2fo","module-01","24","module-01","25","Retained; resequenced","Connect circuits, AC, transformers and power, then establish safe isolation before measurements.",""
"p01-l25","Capacitors in Series and Parallel","ZjBKoQf_OxI","https://www.youtube.com/watch?v=ZjBKoQf_OxI","module-01","25","module-01","26","Retained; resequenced","Connect circuits, AC, transformers and power, then establish safe isolation before measurements.",""
"p01-pf-visual","Power Factor: See Real, Reactive and Apparent Power","Tv_7XWf96gg","https://www.youtube.com/watch?v=Tv_7XWf96gg","","","module-01","27","Added","Connect circuits, AC, transformers and power, then establish safe isolation before measurements.",""
"p01-l26","AC Theory: How to Calculate Power Factor in an AC Circuit: What is Power Factor?","xp6Rv5cUQG8","https://www.youtube.com/watch?v=xp6Rv5cUQG8","module-01","26","module-01","28","Retained; resequenced","Connect circuits, AC, transformers and power, then establish safe isolation before measurements.","Explore power-factor correction"
"p01-l27","AC Theory: How to Construct a Power Triangle and the Different Powers in an AC Circuit","6YC2_Ir-d2w","https://www.youtube.com/watch?v=6YC2_Ir-d2w","module-01","27","module-01","29","Retained; resequenced","Connect circuits, AC, transformers and power, then establish safe isolation before measurements.",""
"p06-l14","Questions from Viewers: AC Theory, How to Calculate Power Factor and Draw a Power Triangle to Scale","qBJvgN8nCqw","https://www.youtube.com/watch?v=qBJvgN8nCqw","module-06","14","module-01","30","Relocated","Connect circuits, AC, transformers and power, then establish safe isolation before measurements.",""
"p03-l14","How to Carryout Safe Isolation of a Consumer Unit (Single Phase 230 Volt Supply) AM2 or AM2S","-1j3ZlW1Ryo","https://www.youtube.com/watch?v=-1j3ZlW1Ryo","module-03","14","module-01","31","Relocated","Connect circuits, AC, transformers and power, then establish safe isolation before measurements.","Connect safe isolation to emergency readiness"
"p01-l28","How to Measure Voltage with the Megger AVO835","U3k9LftYQQA","https://www.youtube.com/watch?v=U3k9LftYQQA","module-01","28","module-01","32","Retained; resequenced","Connect circuits, AC, transformers and power, then establish safe isolation before measurements.",""
"p01-l29","How to Measure Current with the Megger AVO835","fPxwrfci88U","https://www.youtube.com/watch?v=fPxwrfci88U","module-01","29","module-01","33","Retained; resequenced","Connect circuits, AC, transformers and power, then establish safe isolation before measurements.",""
"p01-l30","How to Measure Resistance with the Megger AVO835","l4xhlm9s-Lc","https://www.youtube.com/watch?v=l4xhlm9s-Lc","module-01","30","module-01","34","Retained; resequenced","Connect circuits, AC, transformers and power, then establish safe isolation before measurements.",""
"p01-l31","How to Use a Clip-On Ammeter/Clampmeter","zv7VZ9fzhdA","https://www.youtube.com/watch?v=zv7VZ9fzhdA","module-01","31","module-01","35","Retained; resequenced","Connect circuits, AC, transformers and power, then establish safe isolation before measurements.",""
"p02-l01","Basic Construction of Twin & Earth Cables, Flexes, SWA Cable, PVC Singles and Concentric Cables","Tl2JsE-ihjM","https://www.youtube.com/watch?v=Tl2JsE-ihjM","module-02","1","module-02","1","Retained","Recognise installation components and read the drawings that connect them.","Separate a principle from a current rule"
"p02-l02","Understanding Your Consumer Unit","pngNTsHmyY4","https://www.youtube.com/watch?v=pngNTsHmyY4","module-02","2","module-02","2","Retained","Recognise installation components and read the drawings that connect them.",""
"p02-l03","The Utimate Guide to Three Phase Electricity","9BZ_hSndQyw","https://www.youtube.com/watch?v=9BZ_hSndQyw","module-02","3","module-02","3","Retained","Recognise installation components and read the drawings that connect them.",""
"p02-l04","Earthing Arrangements TN-C-S, TN-S and TT Identified and Explained","i22OiHyWeUg","https://www.youtube.com/watch?v=i22OiHyWeUg","module-02","4","module-02","4","Retained","Recognise installation components and read the drawings that connect them.",""
"p02-l05","Earthing vs. Bonding: What's the Difference?","_e1wDq23-w0","https://www.youtube.com/watch?v=_e1wDq23-w0","module-02","5","module-02","5","Retained","Recognise installation components and read the drawings that connect them.",""
"p02-l06","Different Types of Protective Devices BS 3036, BS 1361, BSEN 60898 and BS 88 Fuses","rijmYhVeUNs","https://www.youtube.com/watch?v=rijmYhVeUNs","module-02","6","module-02","6","Retained","Recognise installation components and read the drawings that connect them.",""
"p02-l07","How Does an RCD Work? Explained using the Matrix Locktronics Kit","MfQAoPOKil8","https://www.youtube.com/watch?v=MfQAoPOKil8","module-02","7","module-02","7","Retained","Recognise installation components and read the drawings that connect them.",""
"p02-l08","What's the difference between an RCD and an RCBO? - Circuit protection.","eWaNJ-VD5m0","https://www.youtube.com/watch?v=eWaNJ-VD5m0","module-02","8","module-02","8","Retained","Recognise installation components and read the drawings that connect them.",""
"p07-l13","ELECTRICAL ENGINEER Explains Single Line Diagrams","Vfo6oKN2qFo","https://www.youtube.com/watch?v=Vfo6oKN2qFo","module-07","13","module-02","9","Relocated","Recognise installation components and read the drawings that connect them.",""
"p07-l14","Understanding Single Line, Riser, and Block Diagrams","alRPR_oevqY","https://www.youtube.com/watch?v=alRPR_oevqY","module-07","14","module-02","10","Relocated","Recognise installation components and read the drawings that connect them.",""
"p07-l15","Single Line (1-Line) or Panel Schedule?","qkQ7DEGCRIk","https://www.youtube.com/watch?v=qkQ7DEGCRIk","module-07","15","module-02","11","Relocated","Recognise installation components and read the drawings that connect them.",""
"p02-l10","METER TAILS LONGER THAN 3 METRES- Switch fuse isolators from LEWDEN","1Tq63eH-Ngg","https://www.youtube.com/watch?v=1Tq63eH-Ngg","module-02","10","module-02","12","Retained; resequenced","Recognise installation components and read the drawings that connect them.",""
"p02-l11","Connections in a 3 Phase Plug and Socket Explained","-9irkJ94xg0","https://www.youtube.com/watch?v=-9irkJ94xg0","module-02","11","module-02","13","Retained; resequenced","Recognise installation components and read the drawings that connect them.",""
"p16-l01","Essential Tools for Apprentice Electricians","yzELC1QYSog","https://www.youtube.com/watch?v=yzELC1QYSog","module-16","1","module-03","1","Relocated","Choose tools, prepare conductors and follow diagrams through to sound terminations.",""
"p03-l01","Stripping and Terminating Twin and Earth Cables (How To... My Way)","-985eGO7jyw","https://www.youtube.com/watch?v=-985eGO7jyw","module-03","1","module-03","2","Retained; resequenced","Choose tools, prepare conductors and follow diagrams through to sound terminations.",""
"p03-l02","How to Strip Flexible Cable","CqU_UEDCB9s","https://www.youtube.com/watch?v=CqU_UEDCB9s","module-03","2","module-03","3","Retained; resequenced","Choose tools, prepare conductors and follow diagrams through to sound terminations.",""
"p16-l02","The Truth About Ferrules: Overkill or Essential?","VE1THS428gM","https://www.youtube.com/watch?v=VE1THS428gM","module-16","2","module-03","4","Relocated","Choose tools, prepare conductors and follow diagrams through to sound terminations.",""
"p03-l03","How To Terminate (Connect Up) a Twin Socket Outlet BS 1363 (How to Wire a Double Socket)","PJ97M42rzfI","https://www.youtube.com/watch?v=PJ97M42rzfI","module-03","3","module-03","5","Retained; resequenced","Choose tools, prepare conductors and follow diagrams through to sound terminations.",""
"p03-l04","7 Tips You Need to Follow when Connecting Sockets","MQaX-1lXarc","https://www.youtube.com/watch?v=MQaX-1lXarc","module-03","4","module-03","6","Retained; resequenced","Choose tools, prepare conductors and follow diagrams through to sound terminations.",""
"p03-l05","Wiring Diagram For a One Way Lighting Circuit Using the 3 Plate Method - Connections Explained","fixa_1jp55c","https://www.youtube.com/watch?v=fixa_1jp55c","module-03","5","module-03","7","Retained; resequenced","Choose tools, prepare conductors and follow diagrams through to sound terminations.",""
"p03-l06","How to Wire up a Ceiling Rose Pendant - Wire Up & Connections Explained Using the 3 Plate Method","Qdd3eBVrOuk","https://www.youtube.com/watch?v=Qdd3eBVrOuk","module-03","6","module-03","8","Retained; resequenced","Choose tools, prepare conductors and follow diagrams through to sound terminations.",""
"p03-l07","How to Wire a Light Switch - Electrical Wiring","8TiFVvrKkOU","https://www.youtube.com/watch?v=8TiFVvrKkOU","module-03","7","module-03","9","Retained; resequenced","Choose tools, prepare conductors and follow diagrams through to sound terminations.",""
"p03-l08","How to Wire 2 Way Switches - Electrical Wiring","hT3rfU7XHJc","https://www.youtube.com/watch?v=hT3rfU7XHJc","module-03","8","module-03","10","Retained; resequenced","Choose tools, prepare conductors and follow diagrams through to sound terminations.",""
"p03-l09","2 Way and Intermediate Lighting Wiring Diagram","-XsA9GuP4m8","https://www.youtube.com/watch?v=-XsA9GuP4m8","module-03","9","module-03","11","Retained; resequenced","Choose tools, prepare conductors and follow diagrams through to sound terminations.",""
"p03-l10","On-Site with Matt Wiring a Spurred Socket form a Ring Final Circuit (How to Spur Socket from a Ring)","Dq0px1SHlpc","https://www.youtube.com/watch?v=Dq0px1SHlpc","module-03","10","module-03","12","Retained; resequenced","Choose tools, prepare conductors and follow diagrams through to sound terminations.",""
"p03-l11","New Build Method of Wiring LED Downlights Explained","hXhybaPYOf4","https://www.youtube.com/watch?v=hXhybaPYOf4","module-03","11","module-03","13","Retained; resequenced","Choose tools, prepare conductors and follow diagrams through to sound terminations.",""
"p03-l13","How to Set Up and Use a Torque Screwdriver for all the Connections in a Consumer Unit (Fuse Box)","DGc4PAXHAyA","https://www.youtube.com/watch?v=DGc4PAXHAyA","module-03","13","module-03","14","Retained; resequenced","Choose tools, prepare conductors and follow diagrams through to sound terminations.",""
"p03-l12","Connecting up a Consumer Unit Wired in PVC Singles - Fitting MCBs and Using a Torque Screwdriver","62lEhAuzeAI","https://www.youtube.com/watch?v=62lEhAuzeAI","module-03","12","module-03","15","Retained; resequenced","Choose tools, prepare conductors and follow diagrams through to sound terminations.",""
"p04-l02","Do You Know Your PVC Conduit - Sizes, Types, Colour, Saddles, Expansion Coupler & Boxes - Explained","TsGD6mjsbbI","https://www.youtube.com/watch?v=TsGD6mjsbbI","module-04","2","module-04","1","Retained; resequenced","Progress from conduit and capacity to cable construction, glanding and installation methods.",""
"p04-l03","How to Bend PVC Conduit to 90 Degrees (Right Angle) My Way. Video to Inspire my Level 1 Learners","n4g153JhVnc","https://www.youtube.com/watch?v=n4g153JhVnc","module-04","3","module-04","2","Retained; resequenced","Progress from conduit and capacity to cable construction, glanding and installation methods.",""
"p04-l01","Tools you will Need When Working with Metal Conduit","Fm49nuIBOy4","https://www.youtube.com/watch?v=Fm49nuIBOy4","module-04","1","module-04","3","Retained; resequenced","Progress from conduit and capacity to cable construction, glanding and installation methods.",""
"p04-l04","Do You Know Your - Steel Conduit Sizes, Types, Finishes, Saddles, Accessorises and Boxes?","uNbQVALYtdI","https://www.youtube.com/watch?v=uNbQVALYtdI","module-04","4","module-04","4","Retained","Progress from conduit and capacity to cable construction, glanding and installation methods.",""
"p04-l05","How to Cut and Thread Steel Conduit so a Coupler or Spouted box can be Fitted (Metal Conduit 20mm)","Bi5OwbjWzM4","https://www.youtube.com/watch?v=Bi5OwbjWzM4","module-04","5","module-04","5","Retained","Progress from conduit and capacity to cable construction, glanding and installation methods.",""
"p04-l06","How to Bend Steel Conduit to the Correct Measurement from the End of the Conduit to Back of the Bend","rXlmfKzFR_Y","https://www.youtube.com/watch?v=rXlmfKzFR_Y","module-04","6","module-04","6","Retained","Progress from conduit and capacity to cable construction, glanding and installation methods.",""
"p04-l07","How to Make a Flat Bend (90 Degree Bend) in 50 x 50 Steel Trunking for C and G 5357 Assessment","IHiuQmGNKLY","https://www.youtube.com/watch?v=IHiuQmGNKLY","module-04","7","module-04","7","Retained","Progress from conduit and capacity to cable construction, glanding and installation methods.",""
"p04-l08","How to Bend Cable Tray","VO605Vb1Zbg","https://www.youtube.com/watch?v=VO605Vb1Zbg","module-04","8","module-04","8","Retained","Progress from conduit and capacity to cable construction, glanding and installation methods.",""
"p04-l09","How to Workout the Cable Capacities of Conduit Appendix E On-Site Guide BS 7671 Calculations Part 2","nAFQgAEK6Uc","https://www.youtube.com/watch?v=nAFQgAEK6Uc","module-04","9","module-04","9","Retained","Progress from conduit and capacity to cable construction, glanding and installation methods.",""
"p04-l10","How to Calculate Trunking Capacity (Size). How Many PVC Single Cables can we Install in a Trunking.","-2DRkpDUo9E","https://www.youtube.com/watch?v=-2DRkpDUo9E","module-04","10","module-04","10","Retained","Progress from conduit and capacity to cable construction, glanding and installation methods.",""
"p04-l11","SWA Cable Conductors - Construction and Colours","oANZOsbGisk","https://www.youtube.com/watch?v=oANZOsbGisk","module-04","11","module-04","11","Retained","Progress from conduit and capacity to cable construction, glanding and installation methods.",""
"p04-l12","Parts of a SWA Cable Gland - BW and CW - Electrical Wiring","XcM7hL6mO8k","https://www.youtube.com/watch?v=XcM7hL6mO8k","module-04","12","module-04","12","Retained","Progress from conduit and capacity to cable construction, glanding and installation methods.",""
"p16-l03","Cable Lugs: They Look Right. They Are Not.","rxOEQD9KaE8","https://www.youtube.com/watch?v=rxOEQD9KaE8","module-16","3","module-04","13","Relocated","Progress from conduit and capacity to cable construction, glanding and installation methods.",""
"p04-l13","How to Make off a SWA Cable Gland (Steel Wire Armored Cable) Step By Step Demonstration","WQuoQvppvRQ","https://www.youtube.com/watch?v=WQuoQvppvRQ","module-04","13","module-04","14","Retained; resequenced","Progress from conduit and capacity to cable construction, glanding and installation methods.",""
"p04-l14","SWA Cable Different ways Fixing SWA Cable, Maximum Clipping Distances, Bending & Catenary Wires Pt3","lIgQKu_A5UE","https://www.youtube.com/watch?v=lIgQKu_A5UE","module-04","14","module-04","15","Retained; resequenced","Progress from conduit and capacity to cable construction, glanding and installation methods.",""
"p04-l15","SY Cable or SY Flex How to Terminate, Make Off Step by Step Practical Demonstration of Connecting","7S00Qg5nwPA","https://www.youtube.com/watch?v=7S00Qg5nwPA","module-04","15","module-04","16","Retained; resequenced","Progress from conduit and capacity to cable construction, glanding and installation methods.",""
"p04-l16","MICC Cable (Pyro) Part 1 Construction of Cable, Sheath Colours, Clipping and Bending","6Xqn3N8zvQQ","https://www.youtube.com/watch?v=6Xqn3N8zvQQ","module-04","16","module-04","17","Retained; resequenced","Progress from conduit and capacity to cable construction, glanding and installation methods.",""
"p04-l17","How to Terminate MICC Cable and put on the Shroud, Gland Body and Pot (Make off Pyro or MI Cable)","hFTuGGLLoas","https://www.youtube.com/watch?v=hFTuGGLLoas","module-04","17","module-04","18","Retained; resequenced","Progress from conduit and capacity to cable construction, glanding and installation methods.",""
"p04-l18","Conduit Loop-in Method for Wiring Lighting Circuits in PVC Singles in Conduit (How to Full Demo)","tURG2VZd56w","https://www.youtube.com/watch?v=tURG2VZd56w","module-04","18","module-04","19","Retained; resequenced","Progress from conduit and capacity to cable construction, glanding and installation methods.",""
"p05-l01","Short Circuit, Earth Fault or Overload : Which One's Worse?","oxU-KJyKZ4s","https://www.youtube.com/watch?v=oxU-KJyKZ4s","module-05","1","module-05","1","Retained","Connect fault types, earthing, disconnection, device selection and surge protection.",""
"p05-l08","Understanding Earthing Arrangements - TNCS, TT, TNS","NdVm9JPi06U","https://www.youtube.com/watch?v=NdVm9JPi06U","module-05","8","module-05","2","Retained; resequenced","Connect fault types, earthing, disconnection, device selection and surge protection.",""
"p05-l10","Small Earth Wire: Does Size Matter?","GKdW9H_5NA4","https://www.youtube.com/watch?v=GKdW9H_5NA4","module-05","10","module-05","3","Retained; resequenced","Connect fault types, earthing, disconnection, device selection and surge protection.",""
"p05-l02","Fuses: When Breaking Something Is a GOOD Thing! 💥","iHjWlO0JKyQ","https://www.youtube.com/watch?v=iHjWlO0JKyQ","module-05","2","module-05","4","Retained; resequenced","Connect fault types, earthing, disconnection, device selection and surge protection.",""
"p05-l03","The Complete Guide to MCBs - Miniature Circuit Breakers","iVZhVeFoSfk","https://www.youtube.com/watch?v=iVZhVeFoSfk","module-05","3","module-05","5","Retained; resequenced","Connect fault types, earthing, disconnection, device selection and surge protection.",""
"p05-l04","The Complete Guide To RCDs - Residual Current Devices","bXS-uNxeTXo","https://www.youtube.com/watch?v=bXS-uNxeTXo","module-05","4","module-05","6","Retained; resequenced","Connect fault types, earthing, disconnection, device selection and surge protection.",""
"p05-l05","Why won't an MCB reset? What's the difference between TYPE B and TYPE C MCBs?","sYDsESq5q9c","https://www.youtube.com/watch?v=sYDsESq5q9c","module-05","5","module-05","7","Retained; resequenced","Connect fault types, earthing, disconnection, device selection and surge protection.",""
"p05-l06","Automatic Disconnection of Supply Explain - ADS","SmUUKo22MKE","https://www.youtube.com/watch?v=SmUUKo22MKE","module-05","6","module-05","8","Retained; resequenced","Connect fault types, earthing, disconnection, device selection and surge protection.",""
"p05-l07","Earth Fault Loop Impedance Path Explained Zs = Ze + (R1 + R2) Earthing Arrangements TN-S & TN-C-S","24Yjts1817E","https://www.youtube.com/watch?v=24Yjts1817E","module-05","7","module-05","9","Retained; resequenced","Connect fault types, earthing, disconnection, device selection and surge protection.",""
"p05-l11","How to Calculate Total Earth Fault Loop Impedance - Applying a Temperature Factor to R1 + R2","jF5Gf04GnlA","https://www.youtube.com/watch?v=jF5Gf04GnlA","module-05","11","module-05","10","Retained; resequenced","Connect fault types, earthing, disconnection, device selection and surge protection.",""
"p05-l12","How to Calculate Total Earth Fault Loop Impedance Part 2 - Applying a Temperature Factor to R1 + R2","kgZvjl4A1sE","https://www.youtube.com/watch?v=kgZvjl4A1sE","module-05","12","module-05","11","Retained; resequenced","Connect fault types, earthing, disconnection, device selection and surge protection.",""
"p05-l13","Electrical Design: Calculating Earth Fault Loop Impedance","q3rSnVEJ7kA","https://www.youtube.com/watch?v=q3rSnVEJ7kA","module-05","13","module-05","12","Retained; resequenced","Connect fault types, earthing, disconnection, device selection and surge protection.",""
"p05-l14","Electricians' Guide: Circuit Protective Device Selection","y5mQPAHajQI","https://www.youtube.com/watch?v=y5mQPAHajQI","module-05","14","module-05","13","Retained; resequenced","Connect fault types, earthing, disconnection, device selection and surge protection.",""
"p05-l15","RCDs & Earth Fault Loop Impedance: The Hidden Connection!","2ClZKN1Qxaw","https://www.youtube.com/watch?v=2ClZKN1Qxaw","module-05","15","module-05","14","Retained; resequenced","Connect fault types, earthing, disconnection, device selection and surge protection.",""
"p05-spd","Surge Protection: What an SPD Test Can Tell You","N-ocwOCoPfE","https://www.youtube.com/watch?v=N-ocwOCoPfE","","","module-05","15","Added","Connect fault types, earthing, disconnection, device selection and surge protection.","Put the SPD demonstration into the protection system"
"p07-l01","An Introduction to Three Phase Systems Using the Matrix Locktronics Kit","NhLzjDJFuvk","https://www.youtube.com/watch?v=NhLzjDJFuvk","module-07","1","module-06","1","Relocated","Learn phase relationships before calculating demand, cable capacity, voltage drop and fault ratings.",""
"p07-l02","3 Phase: Star Connected Loads, How to Calculate Line and Phase Voltage & Line and Phase Current","rB1NafJ6XPk","https://www.youtube.com/watch?v=rB1NafJ6XPk","module-07","2","module-06","2","Relocated","Learn phase relationships before calculating demand, cable capacity, voltage drop and fault ratings.",""
"p07-l03","3 Phase: Delta Connected Loads, How to Calculate Line and Phase Voltage & Line and Phase Current","7slCHGpfHtg","https://www.youtube.com/watch?v=7slCHGpfHtg","module-07","3","module-06","3","Relocated","Learn phase relationships before calculating demand, cable capacity, voltage drop and fault ratings.",""
"p07-l04","Three Phase Mystery Solved, No Neutral Required in a Balanced Load?","WZ4GG4GuSfQ","https://www.youtube.com/watch?v=WZ4GG4GuSfQ","module-07","4","module-06","4","Relocated","Learn phase relationships before calculating demand, cable capacity, voltage drop and fault ratings.","When the neutral-current shortcut stops working"
"p07-l05","The Easiest Most Accurate Way to Calculate Three Phase Neutral Current in an Unbalanced Load","ExHJGSJSE6o","https://www.youtube.com/watch?v=ExHJGSJSE6o","module-07","5","module-06","5","Relocated","Learn phase relationships before calculating demand, cable capacity, voltage drop and fault ratings.",""
"p06-l13","3 Phase: How to Calculate Line Voltage, Phase Voltage, Line Current & Phase Current in Star & Delta","ky7cs1NYvCI","https://www.youtube.com/watch?v=ky7cs1NYvCI","module-06","13","module-06","6","Retained; resequenced","Learn phase relationships before calculating demand, cable capacity, voltage drop and fault ratings.","Connect line quantities to total three-phase power"
"p06-l01","Mastering Electrical Design - Don't Miss This Step!","rgh_0rxX61s","https://www.youtube.com/watch?v=rgh_0rxX61s","module-06","1","module-06","7","Retained; resequenced","Learn phase relationships before calculating demand, cable capacity, voltage drop and fault ratings.",""
"p06-l11","Maximum Demand and Diversity Calculation Explained - BS 7671 On-Site Guide Appendix A","lGcsQ8mLI34","https://www.youtube.com/watch?v=lGcsQ8mLI34","module-06","11","module-06","8","Retained; resequenced","Learn phase relationships before calculating demand, cable capacity, voltage drop and fault ratings.",""
"p06-l12","The Problem With Standard Maximum Demand Methods","PnagUPuFlak","https://www.youtube.com/watch?v=PnagUPuFlak","module-06","12","module-06","9","Retained; resequenced","Learn phase relationships before calculating demand, cable capacity, voltage drop and fault ratings.",""
"p06-l02","Electrical Design - Calculating Circuit Current","GyQkZnvc9jg","https://www.youtube.com/watch?v=GyQkZnvc9jg","module-06","2","module-06","10","Retained; resequenced","Learn phase relationships before calculating demand, cable capacity, voltage drop and fault ratings.",""
"p06-l03","How to Transpose the Power Formula to Calculate Design Current","yQLL1k6vT3s","https://www.youtube.com/watch?v=yQLL1k6vT3s","module-06","3","module-06","11","Retained; resequenced","Learn phase relationships before calculating demand, cable capacity, voltage drop and fault ratings.",""
"p06-l06","How to Calculate the Resistance of a Conductor Based on Resistivity, Length and Cross-Sectional Area","eJzgj9oHA3E","https://www.youtube.com/watch?v=eJzgj9oHA3E","module-06","6","module-06","12","Retained; resequenced","Learn phase relationships before calculating demand, cable capacity, voltage drop and fault ratings.",""
"p06-l04","How To Choose The Correct Cable Size","uxowSpL-cKM","https://www.youtube.com/watch?v=uxowSpL-cKM","module-06","4","module-06","13","Retained; resequenced","Learn phase relationships before calculating demand, cable capacity, voltage drop and fault ratings.",""
"p06-l10","ELECTRICIANS Q&A: CABLE TRAY GROUPING FACTOR CALCULATIONS","FRsUKYAKpLY","https://www.youtube.com/watch?v=FRsUKYAKpLY","module-06","10","module-06","14","Retained; resequenced","Learn phase relationships before calculating demand, cable capacity, voltage drop and fault ratings.",""
"p06-l05","Cable calculation. Calculating the live cable size from BS 7671","wAcqKNBxy-w","https://www.youtube.com/watch?v=wAcqKNBxy-w","module-06","5","module-06","15","Retained; resequenced","Learn phase relationships before calculating demand, cable capacity, voltage drop and fault ratings.",""
"p06-l07","Why Does Voltage Drop Along a Circuit?","CP6noiQp79I","https://www.youtube.com/watch?v=CP6noiQp79I","module-06","7","module-06","16","Retained; resequenced","Learn phase relationships before calculating demand, cable capacity, voltage drop and fault ratings.",""
"p06-l08","Voltage Drop in Electrical Circuits","hPHLxi9qBH8","https://www.youtube.com/watch?v=hPHLxi9qBH8","module-06","8","module-06","17","Retained; resequenced","Learn phase relationships before calculating demand, cable capacity, voltage drop and fault ratings.",""
"p06-l09","Questions from Viewers: How to Calculate Volt Drop based on the Resistivity of a Conductor","_ImnXD3LLnA","https://www.youtube.com/watch?v=_ImnXD3LLnA","module-06","9","module-06","18","Retained; resequenced","Learn phase relationships before calculating demand, cable capacity, voltage drop and fault ratings.",""
"p06-l15","Choosing the Right Circuit Breaker - 6kA vs 10kA","8uzV3xa1iYw","https://www.youtube.com/watch?v=8uzV3xa1iYw","module-06","15","module-06","19","Retained; resequenced","Learn phase relationships before calculating demand, cable capacity, voltage drop and fault ratings.","Read breaking capacity and selectivity separately"
"p08-l01","10 Stages of Safe Isolation - 3 Phase Distribution Board","P2VoJ52yfoE","https://www.youtube.com/watch?v=P2VoJ52yfoE","module-08","1","module-07","1","Relocated","Connect motor behaviour to starters and drives, then scale the design to building distribution.",""
"p07-induction","Induction Motors: Rotating Field, Rotor and Slip","59HBoIXzX_c","https://www.youtube.com/watch?v=59HBoIXzX_c","","","module-07","2","Added","Connect motor behaviour to starters and drives, then scale the design to building distribution.","Read the nameplate and explore motor speed"
"p04-l21","Single Phase Contactor - Connections Explained, Application plus the Current in the Coil and Load","Ed3_zbZ0xaA","https://www.youtube.com/watch?v=Ed3_zbZ0xaA","module-04","21","module-07","3","Relocated","Connect motor behaviour to starters and drives, then scale the design to building distribution.",""
"p04-l19","3 Phase Direct Online Starter DOL Wiring Diagram Connections Explained","mcXxhUaUb94","https://www.youtube.com/watch?v=mcXxhUaUb94","module-04","19","module-07","4","Relocated","Connect motor behaviour to starters and drives, then scale the design to building distribution.","Separate switching from motor protection"
"p04-l20","3 Phase Direct Online Starter DOL Wiring and Connections Explained","qlqPdLGwJxk","https://www.youtube.com/watch?v=qlqPdLGwJxk","module-04","20","module-07","5","Relocated","Connect motor behaviour to starters and drives, then scale the design to building distribution.",""
"p07-star-delta","Star–Delta Starting: Sequence and Interlocks","h89TTwlNnpY","https://www.youtube.com/watch?v=h89TTwlNnpY","","","module-07","6","Added","Connect motor behaviour to starters and drives, then scale the design to building distribution.","Check the winding voltage before choosing a starter"
"p07-vfd","Variable-Frequency Drives: From Rectifier to Motor Speed","yEPe7RDtkgo","https://www.youtube.com/watch?v=yEPe7RDtkgo","","","module-07","7","Added","Connect motor behaviour to starters and drives, then scale the design to building distribution.",""
"p07-l06","Understanding Your Three-Phase Distribution Board","27QIQAvOF9k","https://www.youtube.com/watch?v=27QIQAvOF9k","module-07","6","module-07","8","Retained; resequenced","Connect motor behaviour to starters and drives, then scale the design to building distribution.",""
"p07-l07","Inside Hager's Smart Three-Phase Distribution Board 🤓","Uj63TuZ3QXw","https://www.youtube.com/watch?v=Uj63TuZ3QXw","module-07","7","module-07","9","Retained; resequenced","Connect motor behaviour to starters and drives, then scale the design to building distribution.",""
"p07-l08","Sub-Main SWA Circuit and the Connections in our Wylex DSF60M Switch-Disconnector Fuse (Switch Fuse)","zSw0mVzcQ4A","https://www.youtube.com/watch?v=zSw0mVzcQ4A","module-07","8","module-07","10","Retained; resequenced","Connect motor behaviour to starters and drives, then scale the design to building distribution.",""
"p07-l09","Do You Cable Tie Your Conductors in 3 Phase Distribution Boards..? Electricians Matt & Clive O’Dell","c6YyObUS4Mk","https://www.youtube.com/watch?v=c6YyObUS4Mk","module-07","9","module-07","11","Retained; resequenced","Connect motor behaviour to starters and drives, then scale the design to building distribution.",""
"p07-l16","Electrical Load Calculation for Buildings | Transformer Sizing, DB, SMDB, Main-DB Design Tutorial","XGMUpguNzao","https://www.youtube.com/watch?v=XGMUpguNzao","module-07","16","module-07","12","Retained; resequenced","Connect motor behaviour to starters and drives, then scale the design to building distribution.",""
"p08-l02","Setting Up A Megger MFT for Continuity and Insulation Resistance Tests (How to set up a Tester)","wOrGAsjxggA","https://www.youtube.com/watch?v=wOrGAsjxggA","module-08","2","module-08","1","Retained; resequenced","Connect dead tests, live verification, periodic inspection and certification.",""
"p08-l03","Measuring the Continuity (Resistance in Ohms) of the Protective Bonding Conductor to Water and Gas","ScD3Y1Ty5n8","https://www.youtube.com/watch?v=ScD3Y1Ty5n8","module-08","3","module-08","2","Retained; resequenced","Connect dead tests, live verification, periodic inspection and certification.",""
"p05-l09","How to Test the Protective Bonding Conductor - Testing and Fault Finding Hints and Tips - AM2 & AM2S","DzdoUrxVQr4","https://www.youtube.com/watch?v=DzdoUrxVQr4","module-05","9","module-08","3","Relocated","Connect dead tests, live verification, periodic inspection and certification.",""
"p08-l04","Continuity of CPC and Polarity of our 1 Way Lighting Circuit (R1 + R2 Measured in Ohms)","dMtxkhL6c8I","https://www.youtube.com/watch?v=dMtxkhL6c8I","module-08","4","module-08","4","Retained","Connect dead tests, live verification, periodic inspection and certification.",""
"p08-l05","How to Test a Ring Final Circuit - Ring Main or Socket Circuit - Ring Continuity & Polarity Tests","UesYHVsZD-E","https://www.youtube.com/watch?v=UesYHVsZD-E","module-08","5","module-08","5","Retained","Connect dead tests, live verification, periodic inspection and certification.",""
"p08-l16","Do you Know Which Conductors Need to be Connected During the Insulation Resistance Test?","WXFMNbuFOTA","https://www.youtube.com/watch?v=WXFMNbuFOTA","module-08","16","module-08","6","Retained; resequenced","Connect dead tests, live verification, periodic inspection and certification.",""
"p08-l06","Insulation Resistance Test (Includes Line and Neutral Together to Earth and Between Live Conductors)","Ek1u2RjQffU","https://www.youtube.com/watch?v=Ek1u2RjQffU","module-08","6","module-08","7","Retained; resequenced","Connect dead tests, live verification, periodic inspection and certification.",""
"p08-l07","First Live Test - Check Polarity of 3 Phase Supply, Using an Approved Voltage Indicator AM2 & AM2S","3kHlWHM9Wm8","https://www.youtube.com/watch?v=3kHlWHM9Wm8","module-08","7","module-08","8","Retained; resequenced","Connect dead tests, live verification, periodic inspection and certification.","Distinguish polarity from phase sequence"
"p02-l09","Testing for External Earth Fault Loop Impedance (Ze) When You Have a Main Earthing Terminal (MET)","nz3scSSg3ZU","https://www.youtube.com/watch?v=nz3scSSg3ZU","module-02","9","module-08","9","Relocated","Connect dead tests, live verification, periodic inspection and certification.",""
"p08-l08","External Earth Fault Loop Impedance Ze Test - How to Remove Parallel Earth Paths - Live Testing","Cjr6uzXKixE","https://www.youtube.com/watch?v=Cjr6uzXKixE","module-08","8","module-08","10","Retained; resequenced","Connect dead tests, live verification, periodic inspection and certification.",""
"p08-l09","Measuring Prospective Fault Current (PFC) at the Origin of a Single Phase Supply (Live Test)","E6tOWa86dGE","https://www.youtube.com/watch?v=E6tOWa86dGE","module-08","9","module-08","11","Retained; resequenced","Connect dead tests, live verification, periodic inspection and certification.",""
"p08-l17","LIVE Testing on a 3 Phase Dis-Board - External Earth Fault Loop Impedance Ze, PEFC, PSCC AM2 & AM2S","IeWoLUIKuJw","https://www.youtube.com/watch?v=IeWoLUIKuJw","module-08","17","module-08","12","Retained; resequenced","Connect dead tests, live verification, periodic inspection and certification.",""
"p08-l10","Earth Fault Loop Impedance Test - 3 Lead Low or 2 Lead High - Test Explained","OaWOCNMQkSI","https://www.youtube.com/watch?v=OaWOCNMQkSI","module-08","10","module-08","13","Retained; resequenced","Connect dead tests, live verification, periodic inspection and certification.",""
"p08-l11","Earth Fault Loop Impedance (Zs) - Testing 16 Amp Industrial Socket Outlets Both Single and 3 Phase","Y7NPT8sQINY","https://www.youtube.com/watch?v=Y7NPT8sQINY","module-08","11","module-08","14","Retained; resequenced","Connect dead tests, live verification, periodic inspection and certification.",""
"p08-l12","Earth Electrode Testing for Beginners","5gArjikCqSE","https://www.youtube.com/watch?v=5gArjikCqSE","module-08","12","module-08","15","Retained; resequenced","Connect dead tests, live verification, periodic inspection and certification.",""
"p08-l13","How to Carryout the RCD Ramp Test - Why Does my RCD Keep Tripping","Mxv3OVVjANs","https://www.youtube.com/watch?v=Mxv3OVVjANs","module-08","13","module-08","16","Retained; resequenced","Connect dead tests, live verification, periodic inspection and certification.",""
"p08-l14","BS 7671 Testing RCD’s - Regardless of the Type of RCD Test it as if it is an AC RCD at x1 ONLY","zIPgYcLdQZE","https://www.youtube.com/watch?v=zIPgYcLdQZE","module-08","14","module-08","17","Retained; resequenced","Connect dead tests, live verification, periodic inspection and certification.",""
"p08-l15","Live Test Re-check Polarity and Functional Testing of our 2 Way and Intermediate Lighting Circuit","qRZdNMfHCrs","https://www.youtube.com/watch?v=qRZdNMfHCrs","module-08","15","module-08","18","Retained; resequenced","Connect dead tests, live verification, periodic inspection and certification.",""
"p08-periodic","Periodic Inspection: Follow the Evidence Through an EICR","1tBICSsjVWo","https://www.youtube.com/watch?v=1tBICSsjVWo","","","module-08","19","Added","Connect dead tests, live verification, periodic inspection and certification.","Interpret an older case using current evidence"
"p16-l09","Electrical Certificates Part 2: Installation Certificate","cB35hzk4tDw","https://www.youtube.com/watch?v=cB35hzk4tDw","module-16","9","module-08","20","Relocated","Connect dead tests, live verification, periodic inspection and certification.",""
"p09-l01","How to Find a Fault on a Ring Final Circuit (Sockets) Help for AM2 & AM2S Testing and Fault Finding","7-xM85kLGlQ","https://www.youtube.com/watch?v=7-xM85kLGlQ","module-09","1","module-09","1","Retained","Use inspection and test evidence to narrow faults and verify repairs.",""
"p09-l02","EICR Ring Circuit Fault Finding Issues - Testing an Open Ring Circuit & Low Insulation Resistance","ho7pqwwI_54","https://www.youtube.com/watch?v=ho7pqwwI_54","module-09","2","module-09","2","Retained","Use inspection and test evidence to narrow faults and verify repairs.",""
"p09-l03","Fault Finding Testing for Insulation Resistance. Low Reading Insulation Resistance Fault","cDbYrW7ByBA","https://www.youtube.com/watch?v=cDbYrW7ByBA","module-09","3","module-09","3","Retained","Use inspection and test evidence to narrow faults and verify repairs.",""
"p09-l04","EICR Fault Finding on Sockets - Reverse Polarity & High Resistance - Ring Final Circuit Testing","hfErWLP7S5M","https://www.youtube.com/watch?v=hfErWLP7S5M","module-09","4","module-09","4","Retained","Use inspection and test evidence to narrow faults and verify repairs.",""
"p09-l05","Electrical Testing and Fault Finding - Socket NOT Working for a Dishwasher","MhGPToY3vZI","https://www.youtube.com/watch?v=MhGPToY3vZI","module-09","5","module-09","5","Retained","Use inspection and test evidence to narrow faults and verify repairs.",""
"p09-l06","Electrical Fault Finding - Borrowed Neutral and an RCD","UfcwU2lAT3o","https://www.youtube.com/watch?v=UfcwU2lAT3o","module-09","6","module-09","6","Retained","Use inspection and test evidence to narrow faults and verify repairs.",""
"p09-l07","Ring Circuit Fault Finding Plus Green Goo","DITvc60kJ50","https://www.youtube.com/watch?v=DITvc60kJ50","module-09","7","module-09","7","Retained","Use inspection and test evidence to narrow faults and verify repairs.",""
"p09-l08","Electrical Fault Finding SWA Cable - Earth to Line 120 Volts & Earth to Neutral 65 Volts AC","vPJeM4uhRpE","https://www.youtube.com/watch?v=vPJeM4uhRpE","module-09","8","module-09","8","Retained","Use inspection and test evidence to narrow faults and verify repairs.",""
"p09-l09","Electrical Fault Finding Earth Leakage Current Detected with the Megger DCM305E Clamp Meter","MHT6Y150Urg","https://www.youtube.com/watch?v=MHT6Y150Urg","module-09","9","module-09","9","Retained","Use inspection and test evidence to narrow faults and verify repairs.",""
"p09-l10","Fault Finding - Storage Heater NOT Getting HOT","2ufWnVKOI_k","https://www.youtube.com/watch?v=2ufWnVKOI_k","module-09","10","module-09","10","Retained","Use inspection and test evidence to narrow faults and verify repairs.",""
"p09-l11","Will it WORK - Using a Clamp Meter for Fault Finding","8IxD3O6N6rw","https://www.youtube.com/watch?v=8IxD3O6N6rw","module-09","11","module-09","11","Retained","Use inspection and test evidence to narrow faults and verify repairs.",""
"p10-l09","Electrical Load Estimation - Why Do We Need It In Electrical Design Of Projects ?","Dmlo6f7EKE4","https://www.youtube.com/watch?v=Dmlo6f7EKE4","module-10","9","module-10","1","Retained; resequenced","Follow a project from load estimation through first fix, second fix and final verification.",""
"p10-l10","Electrical Load Estimation - Electrical Load Calculation in Electrical Distribution","AQffdGvDNcA","https://www.youtube.com/watch?v=AQffdGvDNcA","module-10","10","module-10","2","Retained; resequenced","Follow a project from load estimation through first fix, second fix and final verification.",""
"p16-l04","How to Use a Pipe and Cable Detector","JMAjWk1t6AA","https://www.youtube.com/watch?v=JMAjWk1t6AA","module-16","4","module-10","3","Relocated","Follow a project from load estimation through first fix, second fix and final verification.",""
"p10-l03","On-Site with Mark Doing a First Fix, Cable Sizes and Chasing a Box into the Wall (Read Description)","a0emBNu6Aoo","https://www.youtube.com/watch?v=a0emBNu6Aoo","module-10","3","module-10","4","Retained; resequenced","Follow a project from load estimation through first fix, second fix and final verification.",""
"p10-l04","Second Fix - PVC Singles in Conduit - 1 Way Switched Lighting Circuit - Wiring Loop In Method","zVg40FUj3Ts","https://www.youtube.com/watch?v=zVg40FUj3Ts","module-10","4","module-10","5","Retained; resequenced","Follow a project from load estimation through first fix, second fix and final verification.",""
"p16-l05","CAT and Genny Training: Signal Application","ghlb9u8YTIk","https://www.youtube.com/watch?v=ghlb9u8YTIk","module-16","5","module-10","6","Relocated","Follow a project from load estimation through first fix, second fix and final verification.",""
"p10-l01","On Site With Matt Shed Supply in SWA Cable, Wiring PVC Singles in PVC Conduit For Sockets and Lights","Ryx5rgvUf00","https://www.youtube.com/watch?v=Ryx5rgvUf00","module-10","1","module-10","7","Retained; resequenced","Follow a project from load estimation through first fix, second fix and final verification.",""
"p10-l02","On-Site Consumer Unit Change (Fuse Board or Fuse Box Change) Includes Live and Dead Testing","Na68ULz42OE","https://www.youtube.com/watch?v=Na68ULz42OE","module-10","2","module-10","8","Retained; resequenced","Follow a project from load estimation through first fix, second fix and final verification.",""
"p10-l05","On Site with Matt Connecting up a new Cooker and Testing the Circuits Earth Fault Loop Impedance Zs","lmEnAYFSuzs","https://www.youtube.com/watch?v=lmEnAYFSuzs","module-10","5","module-10","9","Retained; resequenced","Follow a project from load estimation through first fix, second fix and final verification.",""
"p10-l06","SCHNEIDER Acti 9 THREE PHASE DISTRIBUTION BOARD INSTALLATION","_nba6f8ClgM","https://www.youtube.com/watch?v=_nba6f8ClgM","module-10","6","module-10","10","Retained; resequenced","Follow a project from load estimation through first fix, second fix and final verification.",""
"p10-l07","THAT'S NOT A CONSUMER UNIT - 3 PHASE POWER FOR NEW BUILD HOMES","MNy60muYklo","https://www.youtube.com/watch?v=MNy60muYklo","module-10","7","module-10","11","Retained; resequenced","Follow a project from load estimation through first fix, second fix and final verification.",""
"p10-l08","IS THIS THE WORST THREE PHASE WIRING YOU'VE EVER SEEN - Does it need a rewire?","XxOG5eqmKHk","https://www.youtube.com/watch?v=XxOG5eqmKHk","module-10","8","module-10","12","Retained; resequenced","Follow a project from load estimation through first fix, second fix and final verification.",""
"p11-l01","Chasing Masonry Walls and Installing Flush Boxes","0D_EGvEqElE","https://www.youtube.com/watch?v=0D_EGvEqElE","module-11","1","module-11","1","Retained","Survey hidden services before coordinating routes, finishes and residential first-fix decisions.",""
"p11-v2-l02","Recognising Common Switches, Sockets and Consumer Units","JhD5nOq21bo","https://www.youtube.com/watch?v=JhD5nOq21bo","module-11","2","module-11","2","Retained","Survey hidden services before coordinating routes, finishes and residential first-fix decisions.",""
"p11-v2-l03","Changing Socket-Outlets: Five Mistakes to Avoid","8wSYX2wtADM","https://www.youtube.com/watch?v=8wSYX2wtADM","module-11","3","module-11","3","Retained","Survey hidden services before coordinating routes, finishes and residential first-fix decisions.",""
"p11-v2-l04","Switched Fused Connection Units: Terminals and Uses","weQVIwEpYww","https://www.youtube.com/watch?v=weQVIwEpYww","module-11","4","module-11","4","Retained","Survey hidden services before coordinating routes, finishes and residential first-fix decisions.",""
"p11-v2-l05","USB Charging Sockets: Load, Depth and Upgrade Planning","A31cs1ukm_k","https://www.youtube.com/watch?v=A31cs1ukm_k","module-11","5","module-11","5","Retained","Survey hidden services before coordinating routes, finishes and residential first-fix decisions.",""
"p11-v2-l06","Planning Kitchen Socket and Cooker-Point Positions","bOSMYzXY_Uk","https://www.youtube.com/watch?v=bOSMYzXY_Uk","module-11","6","module-11","6","Retained","Survey hidden services before coordinating routes, finishes and residential first-fix decisions.",""
"p11-v2-l07","Cooker-Circuit Diversity and Realistic Load Assessment","QQduU8RkjD8","https://www.youtube.com/watch?v=QQduU8RkjD8","module-11","7","module-11","7","Retained","Survey hidden services before coordinating routes, finishes and residential first-fix decisions.",""
"p11-v2-l08","Electric-Shower Isolation: When and How to Specify It","R1sDSQJjmsE","https://www.youtube.com/watch?v=R1sDSQJjmsE","module-11","8","module-11","8","Retained","Survey hidden services before coordinating routes, finishes and residential first-fix decisions.",""
"p11-v2-l09","Bathroom Shaver Sockets and Isolation Transformers","hyaaPt6UuEU","https://www.youtube.com/watch?v=hyaaPt6UuEU","module-11","9","module-11","9","Retained","Survey hidden services before coordinating routes, finishes and residential first-fix decisions.",""
"p11-v2-l10","Weatherproof Outdoor Sockets: Selection and Installation","QOLsQtHZbYk","https://www.youtube.com/watch?v=QOLsQtHZbYk","module-11","10","module-11","10","Retained","Survey hidden services before coordinating routes, finishes and residential first-fix decisions.",""
"p11-v2-l11","Industrial Plugs and Sockets: IP, IK and Duty Selection","PNWdC47daYM","https://www.youtube.com/watch?v=PNWdC47daYM","module-11","11","module-11","11","Retained","Survey hidden services before coordinating routes, finishes and residential first-fix decisions.",""
"p12-v2-l02","Lighting Design: From Visual Task to Specification","qWoWcA_3zfU","https://www.youtube.com/watch?v=qWoWcA_3zfU","module-12","2","module-12","1","Retained; resequenced","Start with the visual task, calculate light levels, then specify fittings, controls and maintainable details.",""
"p12-v2-l01","Lamp Technologies, Caps and Practical LED Selection","AF4RsoveL1Y","https://www.youtube.com/watch?v=AF4RsoveL1Y","module-12","1","module-12","2","Retained; resequenced","Start with the visual task, calculate light levels, then specify fittings, controls and maintainable details.",""
"p07-l10","What is the Luminous Flux Method or Lumen Method for Calculating Light Levels?","yhH8wYWkilo","https://www.youtube.com/watch?v=yhH8wYWkilo","module-07","10","module-12","3","Relocated","Start with the visual task, calculate light levels, then specify fittings, controls and maintainable details.",""
"p07-l11","How to Use the Luminous Flux Method to Calculate the Amount of Lumens Required to Illuminate a Room","wnin9h69GfA","https://www.youtube.com/watch?v=wnin9h69GfA","module-07","11","module-12","4","Relocated","Start with the visual task, calculate light levels, then specify fittings, controls and maintainable details.",""
"p07-l12","How to Use the Luminous Flux Method to Calculate the Amount of Lights Required in a Room","bHefEAWLLAE","https://www.youtube.com/watch?v=bHefEAWLLAE","module-07","12","module-12","5","Relocated","Start with the visual task, calculate light levels, then specify fittings, controls and maintainable details.",""
"p12-v2-l03","Thirty Rules of Lighting — Part 1: Observe Before You Specify","IzqbaE_KJXU","https://www.youtube.com/watch?v=IzqbaE_KJXU","module-12","3","module-12","6","Retained; resequenced","Start with the visual task, calculate light levels, then specify fittings, controls and maintainable details.",""
"p12-v2-l04","Thirty Rules of Lighting — Part 2: Shape, Contrast and Fitting Choice","lJPnpzv0UMc","https://www.youtube.com/watch?v=lJPnpzv0UMc","module-12","4","module-12","7","Retained; resequenced","Start with the visual task, calculate light levels, then specify fittings, controls and maintainable details.",""
"p12-v2-l05","Thirty Rules of Lighting — Part 3: Controls, Maintenance and Review","ndbEo2YpRN8","https://www.youtube.com/watch?v=ndbEo2YpRN8","module-12","5","module-12","8","Retained; resequenced","Start with the visual task, calculate light levels, then specify fittings, controls and maintainable details.",""
"p12-v2-l06","SLL Lighting Handbook: Professional Design Framework","qZnvS3bcnA0","https://www.youtube.com/watch?v=qZnvS3bcnA0","module-12","6","module-12","9","Retained; resequenced","Start with the visual task, calculate light levels, then specify fittings, controls and maintainable details.",""
"p12-v2-l07","Selecting LED Downlights Without Expensive Mistakes","X1WXYt-rStM","https://www.youtube.com/watch?v=X1WXYt-rStM","module-12","7","module-12","10","Retained; resequenced","Start with the visual task, calculate light levels, then specify fittings, controls and maintainable details.",""
"p12-v2-l08","LED Downlights in Fire-Rated Ceiling Assemblies","tcvFPnYUHcU","https://www.youtube.com/watch?v=tcvFPnYUHcU","module-12","8","module-12","11","Retained; resequenced","Start with the visual task, calculate light levels, then specify fittings, controls and maintainable details.",""
"p12-v2-l09","Choosing the Right LED Strip System","4z35ku0BWy8","https://www.youtube.com/watch?v=4z35ku0BWy8","module-12","9","module-12","12","Retained; resequenced","Start with the visual task, calculate light levels, then specify fittings, controls and maintainable details.",""
"p12-v2-l10","LED Strip Heat, Profiles and Service Life","Yps6hlw3j8s","https://www.youtube.com/watch?v=Yps6hlw3j8s","module-12","10","module-12","13","Retained; resequenced","Start with the visual task, calculate light levels, then specify fittings, controls and maintainable details.",""
"p12-v2-l11","Reading LED Driver Symbols and Ratings","3UesLmjG2VQ","https://www.youtube.com/watch?v=3UesLmjG2VQ","module-12","11","module-12","14","Retained; resequenced","Start with the visual task, calculate light levels, then specify fittings, controls and maintainable details.",""
"p12-v2-l12","A Practical Guide to Reliable LED Dimming","tRGfppBahgY","https://www.youtube.com/watch?v=tRGfppBahgY","module-12","12","module-12","15","Retained; resequenced","Start with the visual task, calculate light levels, then specify fittings, controls and maintainable details.",""
"p12-v2-l13","Low-Level LED Dimming, Flicker and Fault Diagnosis","ii_dyfigDtA","https://www.youtube.com/watch?v=ii_dyfigDtA","module-12","13","module-12","16","Retained; resequenced","Start with the visual task, calculate light levels, then specify fittings, controls and maintainable details.",""
"p12-v2-l14","IP and IK Ratings for Dust, Water and Impact","bvUZ2L7eHSE","https://www.youtube.com/watch?v=bvUZ2L7eHSE","module-12","14","module-12","17","Retained; resequenced","Start with the visual task, calculate light levels, then specify fittings, controls and maintainable details.",""
"p12-v2-l15","Garden Lighting: Six Design Ideas That Deliver","9oeEzecYINA","https://www.youtube.com/watch?v=9oeEzecYINA","module-12","15","module-12","18","Retained; resequenced","Start with the visual task, calculate light levels, then specify fittings, controls and maintainable details.",""
"p12-v2-l16","Garden Lighting Case Study: From Brief to Installation","7fr4SlMjmxQ","https://www.youtube.com/watch?v=7fr4SlMjmxQ","module-12","16","module-12","19","Retained; resequenced","Start with the visual task, calculate light levels, then specify fittings, controls and maintainable details.",""
"p12-v2-l17","High-Bay, Emergency and Control Integration","tWnxI5yq4tg","https://www.youtube.com/watch?v=tWnxI5yq4tg","module-12","17","module-12","20","Retained; resequenced","Start with the visual task, calculate light levels, then specify fittings, controls and maintainable details.",""
"p12-v2-l18","PIR Lighting Control with Manual Override","s0G2DnI6spA","https://www.youtube.com/watch?v=s0G2DnI6spA","module-12","18","module-12","21","Retained; resequenced","Start with the visual task, calculate light levels, then specify fittings, controls and maintainable details.",""
"p12-v2-l19","A Beginner’s Guide to DALI Lighting Controls","FGPkVOycyP8","https://www.youtube.com/watch?v=FGPkVOycyP8","module-12","19","module-12","22","Retained; resequenced","Start with the visual task, calculate light levels, then specify fittings, controls and maintainable details.",""
"p12-v2-l20","DALI Wiring and Installation Strategy","XmucYqxYEH4","https://www.youtube.com/watch?v=XmucYqxYEH4","module-12","20","module-12","23","Retained; resequenced","Start with the visual task, calculate light levels, then specify fittings, controls and maintainable details.",""
"p12-v2-l21","UK Smart Dimmer Case Study: Two-Way, Matter and No-Neutral Design","nEpOpzAzgFs","https://www.youtube.com/watch?v=nEpOpzAzgFs","module-12","21","module-12","24","Retained; resequenced","Start with the visual task, calculate light levels, then specify fittings, controls and maintainable details.",""
"p12-v2-l22","Lighting Controls: Choosing the Right Architecture","n1j1lxGEnbk","https://www.youtube.com/watch?v=n1j1lxGEnbk","module-12","22","module-12","25","Retained; resequenced","Start with the visual task, calculate light levels, then specify fittings, controls and maintainable details.",""
"p12-v2-l23","Principles of Good Emergency Lighting","c8GpxY6ANSU","https://www.youtube.com/watch?v=c8GpxY6ANSU","module-12","23","module-12","26","Retained; resequenced","Start with the visual task, calculate light levels, then specify fittings, controls and maintainable details.",""
"p12-v2-l24","Emergency-Lighting Inspection and Test Intervals","0HrACbmECnI","https://www.youtube.com/watch?v=0HrACbmECnI","module-12","24","module-12","27","Retained; resequenced","Start with the visual task, calculate light levels, then specify fittings, controls and maintainable details.",""
"p12-l04","Lighting Design Mistakes: Position, Layers and Controls","C1r4rgdtSKg","https://www.youtube.com/watch?v=C1r4rgdtSKg","module-12","25","module-12","28","Retained; resequenced","Start with the visual task, calculate light levels, then specify fittings, controls and maintainable details.",""
"p13-v2-l01","Introduction to KNX","viBEZegNScU","https://www.youtube.com/watch?v=viBEZegNScU","module-13","1","module-13","1","Retained","Connect controls, data networks, security and life-safety interfaces to a documented commissioning plan.",""
"p13-v2-l02","How to Program KNX: ETS5 Introduction Part 1","p-8FhDrLkxE","https://www.youtube.com/watch?v=p-8FhDrLkxE","module-13","2","module-13","2","Retained","Connect controls, data networks, security and life-safety interfaces to a documented commissioning plan.",""
"p13-v2-l03","How to Program KNX: ETS5 Introduction Part 2","_rnYtUkV4eI","https://www.youtube.com/watch?v=_rnYtUkV4eI","module-13","3","module-13","3","Retained","Connect controls, data networks, security and life-safety interfaces to a documented commissioning plan.",""
"p13-v2-l04","An Introduction to Cabling and Network Cable Testing","a8vQQGuJjbg","https://www.youtube.com/watch?v=a8vQQGuJjbg","module-13","4","module-13","4","Retained","Connect controls, data networks, security and life-safety interfaces to a documented commissioning plan.",""
"p13-v2-l05","DSX and CertiFiber Test Setup: Options, Tips and Tricks","fmzxSC_2SD8","https://www.youtube.com/watch?v=fmzxSC_2SD8","module-13","5","module-13","5","Retained","Connect controls, data networks, security and life-safety interfaces to a documented commissioning plan.",""
"p13-v2-l06","Cabling for Wi-Fi: Field-Terminated Plugs and MPTL Testing","xBedi46dLco","https://www.youtube.com/watch?v=xBedi46dLco","module-13","6","module-13","6","Retained","Connect controls, data networks, security and life-safety interfaces to a documented commissioning plan.",""
"p13-v2-l07","Hikvision I-Series NVR Overview","0qjfR2Nqmdo","https://www.youtube.com/watch?v=0qjfR2Nqmdo","module-13","7","module-13","7","Retained","Connect controls, data networks, security and life-safety interfaces to a documented commissioning plan.",""
"p13-v2-l08","How to Install a Paxton Access Control System","YtraXVxGdlg","https://www.youtube.com/watch?v=YtraXVxGdlg","module-13","8","module-13","8","Retained","Connect controls, data networks, security and life-safety interfaces to a documented commissioning plan.",""
"p13-v2-l09","ZLX: A Gate Control Panel Designed for Installers","XZJADCuBno4","https://www.youtube.com/watch?v=XZJADCuBno4","module-13","9","module-13","9","Retained","Connect controls, data networks, security and life-safety interfaces to a documented commissioning plan.",""
"p13-v2-l10","Automated-Gate Safety Devices","FSOzR7a1e1M","https://www.youtube.com/watch?v=FSOzR7a1e1M","module-13","10","module-13","10","Retained","Connect controls, data networks, security and life-safety interfaces to a documented commissioning plan.",""
"p13-v2-l11","Smoke Alarm Essentials: Where to Use Each Type","n3wRQTaa9w0","https://www.youtube.com/watch?v=n3wRQTaa9w0","module-13","11","module-13","11","Retained","Connect controls, data networks, security and life-safety interfaces to a documented commissioning plan.",""
"p13-l10","Electricians Introduction to Fire Alarms and BS 5839 Part 1","OLjxJ2h0vDM","https://www.youtube.com/watch?v=OLjxJ2h0vDM","module-13","12","module-13","12","Retained","Connect controls, data networks, security and life-safety interfaces to a documented commissioning plan.",""
"p13-v2-l13","Fire Detection and Alarm Systems: Key Changes to BS 5839-1","oPh3ORgowSk","https://www.youtube.com/watch?v=oPh3ORgowSk","module-13","13","module-13","13","Retained","Connect controls, data networks, security and life-safety interfaces to a documented commissioning plan.",""
"p14-l01","Planning a Solar Installation: Professional Site Survey","a3iiTnA03Lk","https://www.youtube.com/watch?v=a3iiTnA03Lk","module-14","1","module-14","1","Retained","Survey the supply and identify every energy source before PV, storage, backup and EV installation cases.",""
"p14-v2-l02","Touring a Prosumer Solar-and-Battery Installation","CRYnracqRjM","https://www.youtube.com/watch?v=CRYnracqRjM","module-14","2","module-14","2","Retained","Survey the supply and identify every energy source before PV, storage, backup and EV installation cases.",""
"p14-v2-l03","Electrical Preparation Before Installing Solar","fMM-EPRKNhw","https://www.youtube.com/watch?v=fMM-EPRKNhw","module-14","3","module-14","3","Retained","Survey the supply and identify every energy source before PV, storage, backup and EV installation cases.",""
"p14-v2-l09","Solar Inverters, Multiple Sources and Safe Isolation","ef2TQvu76jg","https://www.youtube.com/watch?v=ef2TQvu76jg","module-14","9","module-14","4","Retained; resequenced","Survey the supply and identify every energy source before PV, storage, backup and EV installation cases.",""
"p14-v2-l04","Battery Storage Location and Fire-Risk Planning","YHZqAGpDwxo","https://www.youtube.com/watch?v=YHZqAGpDwxo","module-14","4","module-14","5","Retained; resequenced","Survey the supply and identify every energy source before PV, storage, backup and EV installation cases.",""
"p14-v2-l05","Selecting a Safe Location for a Solar Inverter","46c1BXEloR8","https://www.youtube.com/watch?v=46c1BXEloR8","module-14","5","module-14","6","Retained; resequenced","Survey the supply and identify every energy source before PV, storage, backup and EV installation cases.",""
"p14-v2-l06","PV Installation Checks and Safe Test Sequencing","yiuZkfuwzPs","https://www.youtube.com/watch?v=yiuZkfuwzPs","module-14","6","module-14","7","Retained; resequenced","Survey the supply and identify every energy source before PV, storage, backup and EV installation cases.",""
"p14-v2-l07","Installing a 5 kW Hybrid Inverter and Battery System","LLfU47Zs3Qc","https://www.youtube.com/watch?v=LLfU47Zs3Qc","module-14","7","module-14","8","Retained; resequenced","Survey the supply and identify every energy source before PV, storage, backup and EV installation cases.",""
"p14-l02","Inside an Inverter-Charger: How the Victron MultiPlus Works","UPfUn5ki7OM","https://www.youtube.com/watch?v=UPfUn5ki7OM","module-14","8","module-14","9","Retained; resequenced","Survey the supply and identify every energy source before PV, storage, backup and EV installation cases.",""
"p14-v2-l10","Automatic Transfer Switch Fundamentals","yjphp4SBkSA","https://www.youtube.com/watch?v=yjphp4SBkSA","module-14","10","module-14","10","Retained","Survey the supply and identify every energy source before PV, storage, backup and EV installation cases.",""
"p14-v2-l11","UPS Topologies, Bypass and Critical Loads","ZhGQAaen59E","https://www.youtube.com/watch?v=ZhGQAaen59E","module-14","11","module-14","11","Retained","Survey the supply and identify every energy source before PV, storage, backup and EV installation cases.",""
"p14-l07","Three-Phase Battery Backup: Advanced Case Study","sLyawfMcki4","https://www.youtube.com/watch?v=sLyawfMcki4","module-14","12","module-14","12","Retained","Survey the supply and identify every energy source before PV, storage, backup and EV installation cases.",""
"p14-v2-l13","Installing an EV Charger: Survey, Mounting and Protection","QCmZKEJNa5E","https://www.youtube.com/watch?v=QCmZKEJNa5E","module-14","13","module-14","13","Retained","Survey the supply and identify every energy source before PV, storage, backup and EV installation cases.",""
"p14-v2-l14","EV Charger Earthing and Open-Conductor Protection","o7heO1ENqKw","https://www.youtube.com/watch?v=o7heO1ENqKw","module-14","14","module-14","14","Retained","Survey the supply and identify every energy source before PV, storage, backup and EV installation cases.",""
"p14-l08","EV Charger Connections, CT Load Sensing and Commissioning","x8eCM6Ngp9Q","https://www.youtube.com/watch?v=x8eCM6Ngp9Q","module-14","15","module-14","15","Retained","Survey the supply and identify every energy source before PV, storage, backup and EV installation cases.",""
"p14-v2-l16","EV Charger Troubleshooting and Client Handover","7unMAv89nwU","https://www.youtube.com/watch?v=7unMAv89nwU","module-14","16","module-14","16","Retained","Survey the supply and identify every energy source before PV, storage, backup and EV installation cases.",""
"p15-v2-l01","Single-Phase Direct-On-Line Starter Wiring","PIaqmCxN9KU","https://www.youtube.com/watch?v=PIaqmCxN9KU","module-15","1","module-15","1","Retained","Apply motor controls and protection to pumps, ventilation and sensitive lighting systems.",""
"p15-v2-l02","Pump Control Panel and Cabinet","Ny9Cut_oJC0","https://www.youtube.com/watch?v=Ny9Cut_oJC0","module-15","2","module-15","2","Retained","Apply motor controls and protection to pumps, ventilation and sensitive lighting systems.",""
"p15-v2-l03","Extractor Fan Installation Mistakes You Are Making Right Now","OlTniinvHCw","https://www.youtube.com/watch?v=OlTniinvHCw","module-15","3","module-15","3","Retained","Apply motor controls and protection to pumps, ventilation and sensitive lighting systems.",""
"p15-v2-l04","Electrical Surges and Lighting","0NVSpbYT3D8","https://www.youtube.com/watch?v=0NVSpbYT3D8","module-15","4","module-15","4","Retained","Apply motor controls and protection to pumps, ventilation and sensitive lighting systems.",""
"p16-l06","Detecting Electrical Energy Loss with Thermal Imaging","KceE8zdk35g","https://www.youtube.com/watch?v=KceE8zdk35g","module-16","6","module-16","1","Retained; resequenced","Use diagnostic evidence and a defined scope to plan, price and explain professional work.",""
"p16-l07","How to Price Jobs and Quote as an Electrician","GT_wTybt6Ao","https://www.youtube.com/watch?v=GT_wTybt6Ao","module-16","7","module-16","2","Retained; resequenced","Use diagnostic evidence and a defined scope to plan, price and explain professional work.",""
"p16-l08","How to Quote for a House Rewire","ntAHKvT5pFg","https://www.youtube.com/watch?v=ntAHKvT5pFg","module-16","8","module-16","3","Retained; resequenced","Use diagnostic evidence and a defined scope to plan, price and explain professional work.",""
